Actual,Predicted,Probability
0,0,0.1175955
0,0,0.06874371
0,0,0.26330766
0,0,0.2678192
0,0,0.07914226
0,0,0.03694907
0,0,0.19797345
1,0,0.20160317
0,0,0.3114944
0,0,0.39777282
1,0,0.2739809
1,1,0.67138004
1,0,0.35214505
0,0,0.44902837
0,0,0.009762713
0,0,0.28785762
0,0,0.2717468
0,0,0.27671257
0,0,0.08136329
0,0,0.12160428
0,0,0.15631105
0,0,0.023751803
1,0,0.25016373
0,0,0.22400795
0,0,0.22176933
1,0,0.37026003
0,0,0.20748541
0,0,0.057803567
0,0,0.045685247
0,0,0.2848658
0,0,0.087058306
0,0,0.12724563
0,0,0.34611884
0,0,0.068385385
0,0,0.16364074
1,0,0.49181554
1,0,0.35214505
0,0,0.07704211
0,0,0.20361984
0,0,0.067151055
1,0,0.20701584
1,0,0.4058748
0,0,0.03548672
0,0,0.1433285
1,0,0.24823132
0,0,0.18595852
0,0,0.023675367
0,0,0.30058736
1,0,0.091947705
0,0,0.16624045
0,0,0.19045411
0,0,0.29137108
0,0,0.4245717
1,0,0.32487223
1,0,0.4058748
0,0,0.27873755
0,0,0.06262297
0,0,0.2425373
0,0,0.27612785
0,0,0.13887382
0,0,0.09436934
0,0,0.06640448
0,0,0.35214505
0,0,0.3085916
0,0,0.12648271
0,0,0.39156032
0,0,0.050626956
0,0,0.30938417
1,0,0.35214505
0,0,0.1691823
0,0,0.07590241
0,0,0.3912162
1,0,0.37821093
0,0,0.052376848
0,0,0.041353066
0,0,0.30087894
0,0,0.009681533
0,0,0.17051108
0,0,0.24032933
0,0,0.3415895
0,0,0.051067974
0,0,0.48843822
1,0,0.3031543
0,0,0.26993704
0,0,0.16992144
1,1,0.6854689
0,0,0.35214505
1,0,0.3834308
0,0,0.05259875
0,0,0.03340375
0,0,0.15178178
1,0,0.27711084
0,0,0.4058748
0,0,0.06230671
0,0,0.14601117
1,0,0.06740065
0,0,0.17847015
1,0,0.079630315
0,0,0.23934168
0,0,0.11503347
1,0,0.30706385
1,0,0.49203953
0,0,0.2858059
0,0,0.22493935
0,0,0.050473876
0,0,0.029652258
1,0,0.35905883
0,0,0.12922126
0,0,0.10021758
1,0,0.35214505
0,0,0.08174072
1,1,0.54695106
0,0,0.08024329
1,0,0.11145886
0,0,0.19347757
0,0,0.028459994
0,0,0.29454726
0,0,0.12227785
1,1,0.6362735
0,0,0.43331844
1,0,0.32136962
0,0,0.17604205
0,0,0.173346
0,0,0.14220867
0,0,0.11568538
0,0,0.078283474
1,0,0.19255848
0,0,0.030127684
0,0,0.4058748
0,0,0.4058748
0,0,0.14954972
0,0,0.07071013
0,0,0.12448641
0,0,0.17682424
0,0,0.05003301
0,0,0.1090366
0,0,0.100532785
0,0,0.0563258
0,0,0.039904065
0,0,0.021790566
0,0,0.23305114
0,0,0.30359626
0,0,0.4058748
0,0,0.1454403
0,0,0.23134346
0,0,0.2980638
0,0,0.16170186
1,1,0.637375
0,0,0.03931938
0,0,0.18823205
0,0,0.022301545
0,0,0.016027493
1,0,0.30033198
0,0,0.087551594
1,0,0.2833876
1,0,0.28164294
0,0,0.2888378
0,0,0.059478313
0,0,0.04245098
0,1,0.52810085
0,0,0.032828983
0,0,0.038422383
1,1,0.5124673
0,0,0.25784177
0,0,0.033784676
0,0,0.18634547
0,0,0.07539504
0,0,0.14751682
0,0,0.26815942
0,0,0.09590556
0,0,0.15430434
0,0,0.043251004
1,0,0.30238718
0,0,0.18788533
0,0,0.019220062
0,0,0.10190473
0,0,0.05597913
0,0,0.430256
0,0,0.17948967
0,0,0.2471981
0,0,0.27613056
0,0,0.104625575
0,0,0.37233925
1,1,0.62486273
1,0,0.3882225
0,0,0.12838852
0,0,0.25936177
0,0,0.12885812
0,0,0.029935142
0,0,0.33432502
0,0,0.031565867
0,0,0.19354743
0,0,0.13059849
0,0,0.1919293
0,0,0.3398896
1,0,0.2327503
0,0,0.17911467
0,0,0.013887775
0,0,0.2685251
0,0,0.32230577
0,0,0.24929143
0,0,0.4058748
0,0,0.24794284
1,0,0.30131352
0,0,0.08049402
1,0,0.10388986
0,0,0.21321705
1,0,0.21460962
0,0,0.098668344
0,0,0.26235807
0,0,0.14032592
0,0,0.19110471
1,0,0.4058748
0,0,0.4058748
0,0,0.045022912
1,0,0.31425264
0,0,0.037590656
0,0,0.26252985
1,1,0.53025234
0,0,0.04193935
1,0,0.4272289
0,0,0.24125247
0,0,0.40822548
0,0,0.018598288
0,0,0.4058748
0,0,0.4768839
0,0,0.12426191
0,0,0.19234161
0,0,0.18441506
0,0,0.10666806
0,0,0.071630225
1,1,0.6350744
0,0,0.11601017
1,0,0.31008908
0,0,0.053003516
0,0,0.03268293
0,0,0.30413637
0,0,0.16077863
1,0,0.35161683
0,0,0.23627892
0,0,0.19095011
0,0,0.2296793
0,0,0.18027318
0,0,0.16380344
1,1,0.54641926
0,0,0.16319461
0,0,0.12912038
0,0,0.05996871
0,0,0.29971772
1,0,0.08533344
0,0,0.07715041
0,0,0.12541425
0,0,0.033682384
1,0,0.3733693
0,0,0.042932387
0,0,0.05143286
0,0,0.28752697
0,0,0.20393054
0,0,0.041492935
0,0,0.014969182
1,0,0.4058748
1,0,0.3334798
0,0,0.30921152
0,1,0.5549245
0,0,0.1837332
0,0,0.11898713
0,0,0.12307982
0,0,0.15334727
0,0,0.075669035
1,0,0.08008671
0,0,0.09476663
0,0,0.052146286
0,0,0.3510974
0,0,0.19146468
0,0,0.15558204
1,0,0.26123276
0,0,0.18001954
0,0,0.091218896
0,0,0.35214505
0,0,0.033856623
0,0,0.07610329
1,0,0.38160536
0,0,0.4058748
0,0,0.23699571
1,0,0.13235947
0,0,0.095154695
0,0,0.16524902
0,0,0.19570054
1,0,0.19197676
0,0,0.09603022
0,0,0.11283204
0,0,0.15017876
1,0,0.33624887
0,0,0.042052478
0,0,0.15671878
1,0,0.3505557
0,0,0.074516475
0,0,0.18411815
0,0,0.19318078
1,0,0.4058748
1,0,0.48242345
0,0,0.041651007
0,0,0.24153699
0,0,0.026951766
0,0,0.14905411
0,0,0.08153789
0,0,0.1857535
0,0,0.14765494
0,0,0.298496
1,0,0.31179932
1,0,0.35525015
0,0,0.1345652
0,0,0.1285964
0,0,0.024936816
0,0,0.18585718
0,0,0.22744927
0,0,0.06334381
0,0,0.34094638
0,0,0.1181924
0,0,0.093132555
1,1,0.65573835
1,0,0.18533306
1,0,0.101103865
0,0,0.14985609
1,0,0.45817494
0,0,0.26679745
0,0,0.21396
1,0,0.4058748
0,0,0.22204283
0,0,0.36094397
0,0,0.06171637
0,0,0.20680243
0,0,0.15289322
0,0,0.10631838
0,0,0.02076302
0,0,0.058374584
0,0,0.20690456
0,0,0.025317438
0,0,0.030862466
1,0,0.4055275
0,0,0.17344703
0,0,0.26450154
0,0,0.07036884
0,0,0.4058748
0,0,0.15469287
0,0,0.31102383
0,0,0.21764828
0,0,0.10009838
1,0,0.10827202
0,0,0.062754914
0,0,0.14020795
0,0,0.21577308
0,0,0.2205495
0,0,0.084921
0,0,0.13426457
0,0,0.24161865
0,0,0.4278132
0,0,0.18612537
0,0,0.35214505
0,0,0.09258657
0,0,0.07531598
0,0,0.1543161
0,0,0.11804795
1,0,0.4058748
0,0,0.35485244
0,0,0.24548598
0,0,0.36429328
0,0,0.02697041
0,1,0.5971411
0,0,0.17252994
0,0,0.17813064
0,0,0.06905061
0,0,0.1786102
0,0,0.030773394
0,0,0.113015726
0,0,0.1729895
1,0,0.30424312
0,0,0.046094187
0,0,0.18413995
0,0,0.018338593
0,0,0.26249415
0,0,0.19999039
0,0,0.12828162
0,0,0.12372801
0,0,0.4058748
0,0,0.23947178
1,0,0.18220823
0,0,0.038469635
0,0,0.35214505
0,0,0.2468691
1,0,0.4058748
0,0,0.013032162
1,0,0.16632074
1,1,0.6327678
0,0,0.020769618
0,0,0.03809252
0,0,0.087870695
0,0,0.06424885
0,0,0.08013307
0,0,0.07581643
0,0,0.40911475
0,0,0.18042906
0,0,0.047192626
0,0,0.23673928
0,0,0.08467529
0,0,0.016382787
0,0,0.09226788
1,0,0.40453976
0,0,0.043290976
1,0,0.31567305
0,0,0.21612439
1,0,0.24387339
0,0,0.2291676
0,0,0.0925149
0,0,0.18810101
0,0,0.053105216
0,0,0.054138213
0,0,0.075618885
0,0,0.2923766
0,0,0.084694065
1,0,0.10467701
0,0,0.0835351
0,0,0.08942394
0,0,0.047159363
0,0,0.13162285
0,0,0.2824856
1,0,0.34443077
0,0,0.026755247
0,0,0.3732568
1,1,0.6753441
0,0,0.021847472
0,0,0.28680134
0,0,0.22419892
0,0,0.23739809
0,0,0.054631624
0,0,0.21742329
0,0,0.18139468
0,0,0.016617496
0,0,0.054564938
1,1,0.5075304
0,0,0.04390134
0,0,0.34422848
0,0,0.17553143
0,0,0.071489334
0,0,0.14577305
0,0,0.07143249
0,0,0.10667967
0,0,0.07582632
1,0,0.34925565
0,0,0.058602605
0,0,0.089156374
0,0,0.059692424
0,0,0.18893173
0,0,0.06954372
0,0,0.17403747
0,0,0.2625326
1,0,0.08638554
1,0,0.16900694
0,0,0.052080777
0,0,0.1755946
0,0,0.116872005
0,0,0.048975274
0,0,0.26538032
0,0,0.019400261
0,0,0.18610781
0,0,0.24746977
0,0,0.08508533
0,0,0.27164042
1,0,0.28175735
0,0,0.24573956
0,0,0.10648089
0,0,0.24035175
1,0,0.4341707
0,0,0.20200631
0,0,0.04280741
0,0,0.0532594
0,0,0.20065077
1,1,0.6847514
0,0,0.038817942
0,0,0.12118157
0,0,0.3241674
0,0,0.1532223
1,0,0.325679
1,0,0.21798667
1,1,0.5512843
0,0,0.2877111
0,0,0.079060875
0,0,0.31416616
0,0,0.3370694
0,0,0.1119521
0,0,0.15598789
0,0,0.09179312
0,0,0.046018932
0,0,0.03879014
1,0,0.21646136
0,0,0.038900618
0,0,0.032028805
0,0,0.06653817
0,0,0.033457283
0,0,0.4816161
1,0,0.4058748
0,0,0.130775
0,0,0.2103736
0,0,0.27245763
1,0,0.35152224
0,0,0.43470573
1,0,0.45786664
0,0,0.07964738
0,0,0.4058748
0,0,0.20021169
0,0,0.14324865
0,0,0.1386222
0,0,0.4058748
1,0,0.061463363
0,0,0.08922382
0,0,0.20927644
0,0,0.2682584
0,0,0.084266804
1,0,0.35214505
0,0,0.033959243
0,0,0.04376814
0,0,0.19435728
0,0,0.030923622
0,0,0.047895275
1,0,0.3066344
0,0,0.10749838
1,0,0.35714698
0,0,0.04044175
0,0,0.13468106
0,0,0.28091788
0,0,0.16854434
0,0,0.1226884
0,0,0.024622384
0,0,0.022528611
0,0,0.39318603
1,1,0.64094174
0,0,0.058622066
1,0,0.3131806
0,0,0.20895855
0,1,0.50247085
0,0,0.08106419
0,0,0.1717341
0,0,0.18385698
1,0,0.3898631
1,1,0.5772511
0,0,0.064751625
0,0,0.07953323
0,0,0.10545292
0,0,0.2520999
0,0,0.2920919
0,0,0.20036407
0,0,0.13373129
1,0,0.41598976
0,0,0.07696855
0,0,0.14378229
0,0,0.15649216
1,0,0.3072157
0,0,0.032722246
0,0,0.24112587
1,0,0.16062781
0,0,0.06023068
1,1,0.545805
0,0,0.0925556
0,0,0.16332893
0,0,0.31244248
0,0,0.32562235
1,0,0.49929583
0,0,0.08212472
1,0,0.47531137
1,0,0.2125045
0,0,0.104220465
0,0,0.031526554
1,0,0.45683017
0,0,0.03790928
0,0,0.023888247
1,0,0.33048493
0,0,0.046055056
1,0,0.08980713
1,0,0.2803874
0,0,0.2082681
0,0,0.047866695
1,0,0.15834457
1,0,0.35149887
0,0,0.09878336
0,0,0.15004091
0,0,0.14137097
0,0,0.25675142
0,0,0.05632423
1,0,0.39658
0,0,0.00973029
0,0,0.299848
0,0,0.29242247
0,0,0.26727474
0,0,0.16756736
0,0,0.28767133
1,0,0.4280015
0,0,0.027317466
1,0,0.2716383
0,0,0.17198889
1,0,0.4058748
0,0,0.0453975
0,0,0.21937652
0,0,0.22758816
0,0,0.031322904
0,0,0.28185213
0,0,0.08402234
0,0,0.20415157
0,0,0.29349437
0,0,0.0940007
0,0,0.4058748
0,0,0.33657232
0,0,0.35214505
0,0,0.23457853
0,0,0.10385189
0,0,0.050732095
0,0,0.34524378
0,0,0.16816905
1,1,0.6374289
0,0,0.13790113
0,0,0.13185522
0,0,0.02311863
0,0,0.06774105
1,0,0.11277758
0,0,0.19531406
0,0,0.10339249
0,0,0.4058748
0,0,0.0702679
0,0,0.11289438
0,0,0.29150015
0,0,0.20116714
0,0,0.1782814
0,0,0.16604947
0,0,0.18136466
1,0,0.032137923
0,0,0.15043996
0,0,0.23211268
1,0,0.39881247
0,0,0.072133556
1,1,0.62971675
0,0,0.40431312
0,0,0.29307902
0,0,0.064410344
0,0,0.087952465
0,0,0.025895333
1,0,0.19591457
0,0,0.13591778
0,0,0.014304386
0,0,0.24069285
0,0,0.032454308
0,0,0.044297874
1,0,0.4058748
0,0,0.32737374
0,0,0.26646274
0,0,0.059723012
0,0,0.2519844
0,0,0.111580305
0,0,0.4058748
1,0,0.35465807
0,0,0.318925
0,0,0.3759125
0,0,0.09422119
0,0,0.417966
0,1,0.53265226
0,0,0.11771057
0,0,0.39157066
0,0,0.08820682
0,0,0.087695345
0,0,0.08407327
0,0,0.06919216
1,0,0.49838984
1,0,0.19405805
0,0,0.09506613
0,0,0.070595056
0,0,0.24182895
0,0,0.07599229
0,0,0.3559915
0,0,0.038307317
1,0,0.2564994
0,0,0.35214505
1,0,0.4683765
0,0,0.30802414
0,0,0.25193787
0,0,0.022188036
0,0,0.08564924
0,0,0.20730302
0,0,0.3025724
0,0,0.26745576
0,0,0.23640014
0,0,0.25850007
0,0,0.1228139
0,0,0.04034108
0,0,0.15272918
0,0,0.29202715
0,0,0.34081668
0,0,0.058912955
0,1,0.51072776
0,0,0.09264393
0,0,0.03185129
1,0,0.4058748
0,0,0.12542982
0,0,0.051500686
1,0,0.3089263
0,0,0.04634708
0,0,0.099760056
0,0,0.24680291
0,0,0.14883325
0,0,0.07357962
0,0,0.12683268
0,0,0.033025447
0,0,0.034367997
0,0,0.17306204
0,0,0.21220085
0,0,0.08689496
0,0,0.07797892
0,0,0.23168314
0,0,0.14985372
0,0,0.2540127
0,0,0.09044351
0,0,0.11361082
0,1,0.67295736
1,0,0.08108994
0,0,0.04267179
0,0,0.13920665
0,0,0.055380285
0,0,0.4058748
0,0,0.03150327
0,0,0.0693352
1,0,0.29310045
1,1,0.6794857
0,0,0.12977242
1,0,0.4058748
0,1,0.5046793
1,0,0.26462227
0,0,0.07973501
0,0,0.08747721
0,0,0.13308863
0,0,0.30149353
0,0,0.22779524
0,0,0.03417054
0,0,0.18742876
0,0,0.2996561
0,0,0.20373926
1,0,0.33387664
0,0,0.11384685
1,0,0.27341324
1,1,0.54386795
0,0,0.20841403
0,0,0.025621219
0,0,0.015332487
0,0,0.27319297
0,0,0.062160324
0,0,0.050137263
0,0,0.22479151
0,0,0.13648118
1,0,0.29635912
0,0,0.21089597
0,0,0.09093184
0,0,0.25226516
0,0,0.12563519
0,0,0.067865856
0,0,0.09945116
1,0,0.24391934
0,0,0.16409974
0,0,0.15318747
0,0,0.2321911
0,0,0.23289114
0,0,0.02809569
1,0,0.4486202
1,0,0.26201883
0,0,0.26479238
0,0,0.16474815
0,0,0.035512157
0,0,0.23361075
0,0,0.09911617
0,0,0.11186627
1,0,0.43271902
1,0,0.4058748
0,0,0.16315772
0,0,0.31069914
1,0,0.4058748
0,0,0.16889256
0,0,0.19470234
0,0,0.07692476
0,0,0.2016592
0,0,0.07349343
0,0,0.111974426
1,0,0.40983105
0,0,0.108757555
0,0,0.2677344
0,0,0.1337709
1,0,0.4058748
0,0,0.13959838
0,0,0.031956486
0,0,0.34466892
1,0,0.4058748
1,0,0.3702261
1,0,0.15150939
0,0,0.15295464
0,0,0.4058748
1,0,0.11044785
0,0,0.4058748
0,0,0.083431266
0,0,0.2492519
1,0,0.15251532
0,0,0.23064719
0,1,0.5592383
0,0,0.012237124
0,0,0.17761585
1,0,0.055924676
0,0,0.09222384
0,0,0.35303444
0,0,0.074986316
0,0,0.046981223
0,0,0.09352997
0,0,0.05359676
0,0,0.14435667
0,0,0.3242619
0,0,0.2837689
0,0,0.01386372
0,0,0.07116639
0,0,0.2006697
0,0,0.12820335
0,0,0.0875795
0,0,0.08764007
1,1,0.5814364
0,0,0.24435756
0,0,0.10514784
0,0,0.35656
0,0,0.3587511
0,0,0.07109385
0,0,0.30332676
0,0,0.03323813
1,0,0.21226072
0,0,0.06435502
0,0,0.06167397
0,0,0.20661983
0,0,0.18525065
0,0,0.03657953
0,0,0.1447688
0,0,0.009106808
0,0,0.2103204
0,0,0.22584298
0,0,0.03546805
0,0,0.025661465
1,1,0.6770101
0,0,0.075418994
0,0,0.25828078
0,0,0.141545
0,0,0.16893552
0,0,0.09808373
0,0,0.07368177
0,0,0.35214505
0,0,0.17118308
1,0,0.1275532
0,0,0.1910046
0,0,0.066802956
0,0,0.4058748
0,0,0.19403245
0,0,0.08944081
0,0,0.18814296
0,0,0.26916632
0,0,0.11536303
0,0,0.2936869
0,0,0.17697315
1,0,0.4526647
0,0,0.07392811
0,0,0.35214505
0,0,0.0193372
1,0,0.24276055
0,0,0.4058748
0,0,0.103745215
0,0,0.08881601
0,0,0.3097066
0,0,0.08465185
0,0,0.06490138
0,0,0.20950133
0,0,0.18790388
0,0,0.03117237
0,0,0.074824795
0,0,0.089619614
0,0,0.27542713
0,0,0.12398952
1,1,0.5091659
0,0,0.34678617
0,0,0.0050478713
0,0,0.19096996
0,0,0.027167466
0,0,0.035714913
0,0,0.06684835
0,0,0.4058748
0,0,0.17412195
0,0,0.07638646
0,0,0.28433836
0,0,0.10591965
0,0,0.22362971
0,0,0.15954527
0,0,0.1511425
1,0,0.29983598
0,0,0.22504207
1,0,0.35214505
0,0,0.18439409
0,0,0.30845004
0,0,0.31675673
0,0,0.19151433
0,0,0.1628546
0,0,0.2232499
0,0,0.21875158
0,0,0.45620227
0,0,0.220149
1,0,0.4058748
0,0,0.022052586
0,0,0.036094647
0,0,0.073403195
1,0,0.4058748
1,0,0.35214505
0,0,0.28207523
0,0,0.06522197
1,0,0.4860507
0,0,0.15600951
1,0,0.062158313
1,0,0.43369535
1,1,0.56337297
0,0,0.25095463
0,0,0.024382206
0,0,0.09196138
0,0,0.05421555
0,0,0.44603387
0,0,0.123614565
0,0,0.0214439
1,0,0.29571238
0,0,0.21035047
1,1,0.52328485
0,0,0.32894105
0,0,0.11261022
1,0,0.2563533
0,0,0.12429031
0,0,0.24508074
0,0,0.09177017
0,0,0.07801107
0,0,0.073348485
0,0,0.069715165
0,1,0.5084535
0,0,0.2780916
0,0,0.34992537
0,0,0.3022896
0,0,0.4058748
0,0,0.0992418
0,0,0.18837817
1,0,0.14236273
1,0,0.38695946
0,0,0.25332117
0,0,0.16420008
0,0,0.15551335
0,0,0.25922135
0,0,0.1635754
0,0,0.025726208
0,0,0.13506365
0,0,0.32926568
1,0,0.3009904
0,0,0.020797601
0,0,0.2434772
0,0,0.25699386
0,0,0.2785528
0,0,0.21737199
1,0,0.108390085
0,0,0.06446689
1,0,0.24890968
0,0,0.19743586
1,0,0.4058748
0,1,0.570318
1,0,0.3859405
0,0,0.018078389
0,0,0.1394158
0,0,0.19451377
0,0,0.17002216
0,0,0.078606725
1,1,0.50455487
0,0,0.05188653
0,0,0.3398261
0,0,0.22003871
0,0,0.23018226
0,0,0.08015281
0,0,0.31831142
0,0,0.033410836
0,0,0.2038573
0,0,0.10484411
0,0,0.102669545
1,0,0.35214505
0,0,0.07844969
1,0,0.35214505
0,0,0.014783401
0,0,0.35214505
0,0,0.0209706
0,0,0.051434465
0,0,0.23190595
1,0,0.4058748
0,0,0.054975048
0,0,0.07258907
0,0,0.3510342
0,0,0.4058748
0,0,0.081655934
0,0,0.24575444
0,0,0.114765964
1,0,0.20427193
0,0,0.4516537
0,0,0.02597427
0,0,0.4058748
1,0,0.4446253
0,0,0.21289407
0,0,0.15847638
0,0,0.052226264
0,0,0.33933148
0,0,0.088350505
0,0,0.17397943
1,0,0.30397803
1,0,0.109886564
1,1,0.6723856
0,0,0.12082314
0,0,0.13981347
0,0,0.122732475
0,0,0.17362526
0,0,0.4058748
0,0,0.24731307
0,0,0.08833064
0,0,0.4058748
0,0,0.2423053
1,0,0.40511099
0,0,0.26654848
0,0,0.2997157
0,0,0.038261026
0,0,0.1875075
0,0,0.19966474
0,0,0.28929552
0,0,0.027576832
0,0,0.12447927
0,0,0.20661467
1,0,0.20745048
1,0,0.25921163
0,0,0.28956217
0,0,0.063727364
1,0,0.35399264
0,0,0.022025034
0,0,0.014651086
0,0,0.098833114
0,0,0.17589568
0,0,0.10663895
0,0,0.4058748
0,0,0.20145905
0,0,0.16151258
0,0,0.27835408
0,0,0.01852691
0,0,0.080354385
1,0,0.33229303
0,0,0.023627449
1,0,0.4058748
1,0,0.3706667
0,0,0.38994953
1,1,0.6025002
0,0,0.20292273
0,0,0.42380562
0,0,0.050187416
0,0,0.08567647
0,0,0.2828938
0,0,0.30697995
0,0,0.11899199
0,0,0.31747434
0,0,0.29913703
0,0,0.18818837
0,0,0.21612568
0,0,0.025739282
0,0,0.088590175
0,0,0.116725266
0,0,0.09862166
0,0,0.22851034
1,0,0.4058748
0,0,0.013690171
0,0,0.14559005
0,0,0.48480844
0,0,0.110645585
1,0,0.48964664
0,0,0.35214505
0,0,0.2789856
0,0,0.025678905
0,0,0.15641573
0,0,0.080730036
0,0,0.07909199
0,0,0.14072749
0,0,0.08397778
1,0,0.27034083
0,0,0.23237653
0,0,0.15914454
1,0,0.4058748
0,0,0.28148612
0,0,0.00790264
0,0,0.20290865
0,0,0.18051597
0,0,0.2183061
0,0,0.11540562
0,0,0.14993893
0,0,0.37478796
0,0,0.19105385
0,0,0.25480866
0,0,0.2033611
0,0,0.120997585
0,0,0.14578374
0,0,0.19584087
0,0,0.026764212
0,0,0.1710411
1,0,0.18102062
1,0,0.4058748
0,0,0.071301796
0,0,0.26729214
0,1,0.5278579
0,0,0.0978265
0,0,0.10037189
1,0,0.09564518
0,0,0.08244327
1,0,0.35214505
0,0,0.16124685
0,0,0.22674002
0,0,0.059398815
0,0,0.017500453
1,0,0.17547779
1,0,0.094002254
0,0,0.03444524
0,0,0.30507484
0,0,0.081689775
0,0,0.072411574
0,0,0.1350868
0,0,0.09373475
1,0,0.3150843
0,0,0.13443877
0,0,0.35214505
0,0,0.23741122
0,0,0.17663337
0,0,0.11368153
0,0,0.28168267
0,0,0.23104078
1,1,0.5347943
0,0,0.010448336
0,0,0.075137235
0,0,0.050315995
0,0,0.011913176
0,0,0.09502467
0,0,0.2305633
1,0,0.14685008
1,0,0.1964181
0,0,0.0645841
0,0,0.28143224
1,0,0.4058748
0,0,0.15803154
0,0,0.14549369
1,0,0.17495203
0,0,0.28352547
0,0,0.2090643
1,0,0.1084891
0,0,0.09650828
1,0,0.12386322
0,0,0.15076137
1,0,0.31923473
0,0,0.13143235
0,0,0.24564368
0,0,0.16969077
0,0,0.23048633
1,0,0.14800745
0,0,0.15977533
0,0,0.2668207
0,0,0.09341197
0,0,0.037848454
0,0,0.2491534
0,0,0.11132253
0,0,0.13618673
0,0,0.044348847
0,0,0.21777396
0,0,0.1438613
0,0,0.24273528
0,0,0.09048082
0,0,0.01114486
1,0,0.3869029
0,0,0.16808131
0,0,0.35214505
0,0,0.091599636
0,0,0.06907304
0,0,0.07196751
1,0,0.06461402
0,0,0.018010283
0,0,0.019069633
1,1,0.55853283
0,0,0.052967105
0,0,0.23297453
1,1,0.5733304
0,0,0.18880433
0,1,0.5453547
0,0,0.25950998
1,0,0.4260346
0,0,0.076457925
1,0,0.16859601
0,0,0.10855375
0,0,0.053752754
0,0,0.013666877
0,0,0.034666535
0,0,0.1500504
0,0,0.338109
0,0,0.35214505
0,0,0.09070458
0,0,0.47076032
0,0,0.12688941
0,0,0.35214505
0,0,0.27946022
0,0,0.17675768
0,0,0.025681805
1,0,0.20495139
1,0,0.25994924
0,0,0.11976274
0,0,0.0639681
0,0,0.069137625
0,0,0.024800822
0,0,0.07515767
1,0,0.36677274
0,0,0.09537012
1,0,0.056911845
0,0,0.031644233
1,0,0.4058748
0,0,0.06523362
0,0,0.198419
0,0,0.16378844
0,0,0.012052802
1,0,0.23711476
0,0,0.07920607
0,0,0.12159578
0,0,0.16782807
1,0,0.25940686
1,0,0.4897988
0,0,0.06764195
0,0,0.2975313
0,0,0.011611408
1,0,0.1333777
0,0,0.100504816
1,0,0.38172385
1,0,0.3485278
0,0,0.033355787
0,0,0.22526681
0,0,0.1385679
0,0,0.107136644
0,1,0.6428683
0,0,0.050146144
1,0,0.2801452
0,0,0.19430536
0,0,0.23095684
0,0,0.115426995
1,1,0.60688984
0,0,0.15471436
0,0,0.119420394
0,0,0.04525393
0,0,0.04791959
0,0,0.23384139
1,0,0.21793218
1,0,0.4058748
0,0,0.0880849
0,0,0.0654031
0,0,0.039798047
1,0,0.032833025
1,0,0.2933228
0,0,0.24359332
0,0,0.09189283
0,0,0.1348272
0,0,0.34985793
0,0,0.19537832
0,0,0.13652037
0,0,0.124231696
1,1,0.6030837
0,0,0.10970985
1,0,0.20423523
0,0,0.014917108
0,0,0.2569908
0,0,0.100561716
0,0,0.08712889
0,0,0.070121914
1,0,0.4058748
0,0,0.21007095
0,0,0.018868146
0,0,0.071955845
0,0,0.059635237
1,0,0.10826506
0,0,0.026039064
0,0,0.046198282
0,0,0.22192802
1,0,0.33319452
0,0,0.25317705
0,0,0.1266311
0,0,0.33561054
0,0,0.07698511
0,0,0.08234428
0,0,0.06520511
0,0,0.42235163
1,0,0.4058748
0,0,0.0385693
1,0,0.44553706
0,0,0.14280662
0,0,0.11583866
0,0,0.13730362
0,0,0.2086001
0,0,0.11896476
0,0,0.22000788
0,0,0.30261093
0,0,0.4058748
0,0,0.0458004
0,0,0.27852708
0,0,0.32343242
0,0,0.15460043
0,0,0.07397659
0,0,0.10733354
1,0,0.3247996
1,1,0.5889648
0,0,0.22967269
0,0,0.03537501
0,0,0.0321105
0,0,0.28953713
0,0,0.093691275
0,0,0.071080714
0,0,0.037252057
1,0,0.36309278
0,0,0.17232974
0,0,0.29020402
0,0,0.22554259
0,0,0.35504335
0,0,0.19156705
1,0,0.4058748
0,0,0.21794492
0,0,0.16942087
0,0,0.35214505
1,1,0.5353201
0,0,0.23231676
0,0,0.07203587
0,0,0.103225976
0,0,0.09160259
0,0,0.21178052
0,0,0.35214505
0,0,0.21716222
0,0,0.2451171
0,0,0.16492893
0,0,0.098258816
0,0,0.21983923
1,0,0.4058748
0,0,0.15326418
0,0,0.2126096
0,0,0.13995025
0,0,0.32038978
0,0,0.038155615
1,0,0.23444329
0,0,0.18369003
1,0,0.32084247
0,0,0.1942121
0,0,0.35214505
1,0,0.40854433
0,0,0.14055005
0,0,0.14303184
0,0,0.110636435
0,0,0.05540355
1,0,0.43011156
0,0,0.047528256
0,0,0.2028556
0,0,0.1086945
0,0,0.14564164
1,0,0.12350685
0,0,0.19318259
0,0,0.04890547
0,0,0.0119654555
1,0,0.3072963
0,0,0.061532017
0,0,0.21504316
0,0,0.14507547
0,0,0.26010296
0,0,0.2643528
1,0,0.21258277
0,0,0.2230286
0,0,0.030189753
0,0,0.32701543
0,0,0.027977679
1,0,0.4058748
0,0,0.21500339
0,0,0.08042774
0,0,0.278988
0,0,0.07889941
0,0,0.1835126
0,0,0.06860088
0,0,0.040603854
1,1,0.5612944
0,0,0.023563981
0,0,0.074453786
0,0,0.15618986
0,0,0.10300309
1,0,0.4058748
0,0,0.06114529
1,0,0.4058748
0,0,0.22387071
0,0,0.32083464
0,0,0.14822336
0,0,0.22701865
0,0,0.11896881
0,0,0.07114055
0,0,0.08713208
0,0,0.1815628
0,0,0.0708442
1,0,0.30786338
0,0,0.1983328
0,0,0.0908973
0,0,0.06048937
0,0,0.1819387
1,0,0.22423229
0,0,0.17617816
0,0,0.061507273
0,0,0.13744865
0,0,0.075667225
0,0,0.29370698
0,0,0.023388518
1,1,0.5540651
1,0,0.4058748
0,0,0.30090198
0,0,0.118542194
0,0,0.14574148
0,0,0.2361041
1,0,0.34928998
0,0,0.32581452
0,0,0.02913044
0,0,0.35214505
0,0,0.14398704
1,0,0.29407543
0,0,0.10302495
1,0,0.35214505
0,0,0.04112262
0,0,0.075767696
1,0,0.35214505
0,0,0.052550312
0,0,0.102252446
0,0,0.0943909
0,0,0.18647453
1,0,0.35214505
0,0,0.016519535
0,0,0.02886834
0,0,0.123842895
0,0,0.17611448
0,0,0.047758535
0,0,0.3610808
1,0,0.24020228
0,0,0.03734219
0,0,0.22623374
0,0,0.047702298
1,0,0.35214505
1,0,0.35214505
1,0,0.4058748
0,0,0.16383626
0,0,0.08079827
0,0,0.13744384
1,0,0.45058897
0,0,0.13370311
0,0,0.034389358
0,0,0.30535868
0,0,0.03372983
0,0,0.2133768
0,0,0.09694923
0,0,0.24209945
0,0,0.058612444
0,0,0.026152452
0,0,0.24612172
0,0,0.062717035
0,0,0.05126051
0,0,0.35214505
0,0,0.115571275
1,0,0.23022687
1,1,0.5660696
1,0,0.35214505
0,0,0.10626141
1,0,0.37815866
0,0,0.2614677
0,0,0.06587077
0,0,0.21871622
1,0,0.45453432
0,0,0.03331248
0,0,0.13225311
0,0,0.06910367
0,0,0.3095271
0,0,0.27988917
0,0,0.040441535
0,0,0.26516634
0,0,0.07277997
0,0,0.022374658
0,0,0.17151037
0,0,0.11929153
0,0,0.22566342
0,0,0.28060272
1,0,0.4058748
0,0,0.2898164
1,1,0.6137428
0,0,0.111151785
0,0,0.11412388
0,0,0.04100367
0,0,0.017769026
1,1,0.61802554
0,0,0.13009812
0,0,0.09212661
1,1,0.6166879
1,0,0.17570706
0,0,0.24682388
0,0,0.3635665
0,0,0.16275506
0,0,0.03560572
0,0,0.2542077
0,0,0.21852674
0,0,0.095867686
0,0,0.04491513
0,0,0.048229646
0,0,0.1435095
0,0,0.029569754
0,0,0.03136765
0,0,0.23899901
0,0,0.16737722
0,0,0.20919359
0,0,0.017377056
0,0,0.15219307
1,0,0.12845112
0,0,0.05722961
1,0,0.06474862
1,0,0.29884958
0,0,0.047005493
0,0,0.22147107
0,0,0.19386765
0,0,0.4541257
0,0,0.09639677
0,0,0.22464922
1,0,0.42844352
0,0,0.028667914
0,0,0.08709787
0,0,0.22756918
0,0,0.13382213
0,0,0.4058748
0,0,0.31612313
1,0,0.054222625
0,0,0.0464954
0,0,0.14316373
1,1,0.6960073
0,0,0.23228016
0,0,0.2318677
0,0,0.03535439
0,0,0.17170247
0,0,0.35949242
1,0,0.3797701
1,0,0.30031446
0,0,0.04906053
0,0,0.44171885
1,0,0.29569286
0,0,0.12673093
0,0,0.2600376
0,0,0.22986695
0,1,0.53336
0,0,0.06815001
0,0,0.09826729
1,1,0.59964716
0,0,0.17406048
0,0,0.16097987
0,0,0.13634393
0,0,0.3142555
1,0,0.117971726
0,0,0.05856263
0,0,0.16342425
0,0,0.09076765
1,0,0.47087765
0,0,0.1319639
0,0,0.039877173
0,0,0.10471408
0,0,0.18082978
0,0,0.19518709
1,0,0.3567646
0,0,0.019952254
0,0,0.10324421
0,0,0.4058748
0,0,0.1311969
0,0,0.24312828
0,0,0.2062906
0,0,0.20200717
1,0,0.314791
0,0,0.06522981
0,0,0.05353374
0,0,0.063824296
0,0,0.2699579
0,0,0.29580262
1,0,0.34598875
1,1,0.5330931
0,0,0.09961241
1,0,0.27181083
0,0,0.016476996
1,1,0.5599458
0,0,0.11770126
0,0,0.113610946
0,0,0.11379395
0,0,0.11178289
0,0,0.21305703
0,0,0.23394355
0,0,0.18512286
0,0,0.28147987
1,0,0.26150456
0,0,0.025131267
0,0,0.12100527
0,0,0.10602991
1,1,0.65700233
0,0,0.04063241
0,0,0.15349232
1,0,0.4058748
0,0,0.28983197
0,0,0.11058312
0,0,0.03539045
0,0,0.18864626
1,0,0.4058748
0,0,0.23358832
0,0,0.3309923
0,0,0.1561284
0,0,0.110636555
1,0,0.4058748
1,1,0.60576
0,0,0.22500654
0,0,0.01606491
1,0,0.17771478
0,0,0.36291334
0,0,0.20185131
0,0,0.15384573
0,0,0.04858346
0,0,0.049480688
1,0,0.35214505
0,0,0.18846239
0,0,0.17037484
0,0,0.4058748
0,0,0.23351213
0,0,0.20610574
0,0,0.16886112
0,0,0.027214607
0,0,0.086220756
1,0,0.29137647
0,0,0.23610319
0,0,0.4058748
0,0,0.07560213
0,0,0.1875915
0,0,0.04694236
0,0,0.06582621
0,0,0.23518074
1,0,0.4330908
0,0,0.10051851
0,0,0.017381446
1,0,0.32186475
0,0,0.3125516
0,0,0.10065077
0,0,0.024189567
0,0,0.06955813
1,0,0.23390983
1,0,0.27101523
0,0,0.086117424
1,0,0.28065538
0,0,0.09853287
0,0,0.09013092
0,0,0.044126343
0,0,0.11089164
0,0,0.12870336
0,0,0.1614363
0,0,0.18287127
0,0,0.041814554
0,0,0.23776835
0,0,0.026069159
0,0,0.027633974
0,0,0.04879658
0,0,0.116614886
0,0,0.032411348
0,0,0.07270941
0,1,0.5215497
0,0,0.07291891
0,0,0.09434765
0,0,0.019319443
0,0,0.0188332
1,0,0.47256055
0,0,0.14734365
1,0,0.32429636
0,0,0.08900917
0,0,0.13303
0,0,0.4058748
0,0,0.24152543
0,0,0.27037314
0,0,0.36542284
1,0,0.15652484
0,0,0.10321832
0,0,0.072091706
1,1,0.5246627
0,0,0.07370299
0,0,0.1727831
0,0,0.030463638
0,0,0.24264605
0,0,0.119182646
0,0,0.17800742
0,0,0.12252253
1,0,0.2320242
1,0,0.4058748
0,0,0.24208476
0,0,0.35214505
0,0,0.15361017
0,0,0.11692764
0,0,0.047835622
0,0,0.11351224
0,0,0.09689898
1,0,0.24763301
0,0,0.27893728
1,0,0.28141955
1,1,0.56297076
0,0,0.2692242
0,0,0.28165898
0,0,0.1483076
0,0,0.30612046
0,0,0.11693383
0,0,0.24367666
0,0,0.13393715
0,0,0.17055804
0,0,0.44343394
1,0,0.14344771
0,0,0.19936782
0,0,0.070535734
1,0,0.460936
0,0,0.35075969
0,0,0.051948335
0,0,0.0824131
0,0,0.019415667
0,0,0.23171729
0,0,0.017269794
0,1,0.66240436
0,0,0.12509903
1,0,0.31387383
1,1,0.50412023
1,1,0.63543326
1,0,0.35017493
0,0,0.121304415
0,0,0.19962487
0,0,0.17977777
0,0,0.19397277
1,0,0.29093045
0,0,0.2712103
0,0,0.30493882
0,0,0.102704845
0,0,0.30007106
1,1,0.6405108
0,0,0.22545482
0,0,0.39424682
0,0,0.2544355
0,0,0.016562859
0,0,0.06420325
0,0,0.097794645
0,0,0.21641009
0,0,0.0783173
0,0,0.08215925
0,0,0.16314998
0,0,0.3261757
0,0,0.36835715
0,0,0.4058748
1,0,0.35063118
0,0,0.22616464
0,0,0.022952572
0,0,0.14751306
0,0,0.13779178
0,0,0.013450636
0,0,0.043276712
0,0,0.44567445
0,0,0.09693585
0,0,0.31579992
1,0,0.26157787
0,0,0.07178714
0,0,0.062348172
1,0,0.35214505
0,0,0.027543735
0,0,0.09639095
0,0,0.15363327
0,0,0.40014848
0,0,0.22215773
0,0,0.12944025
0,0,0.20261794
1,0,0.4058748
0,0,0.050402027
0,0,0.26113725
0,0,0.08168601
0,0,0.07499229
1,0,0.4058748
0,0,0.05652161
0,0,0.13978183
0,0,0.24637924
0,0,0.10777386
0,0,0.035946198
0,0,0.35214505
1,0,0.40531227
0,0,0.07024769
1,0,0.13404436
1,0,0.3513388
0,0,0.047189057
0,0,0.036316913
0,0,0.012526934
0,0,0.039953563
0,0,0.35014522
0,0,0.13653465
0,0,0.025559107
0,0,0.097481765
0,0,0.15113975
0,0,0.16081911
0,0,0.06305086
0,0,0.1989835
1,1,0.61224675
0,0,0.10830034
0,0,0.043545466
0,0,0.43844756
0,0,0.25559145
0,0,0.07233364
0,0,0.1502115
0,0,0.15421033
1,0,0.1448284
1,1,0.5375544
0,0,0.2234308
0,0,0.090564504
0,0,0.100606345
1,0,0.32908255
0,0,0.2125491
0,0,0.10323659
0,0,0.1578447
0,0,0.13249755
0,0,0.2771101
1,1,0.5927149
0,0,0.15910743
0,0,0.28735536
1,0,0.31677228
0,0,0.15035187
0,0,0.042956643
0,0,0.04343633
1,0,0.25052768
0,0,0.22107692
0,0,0.08200616
1,0,0.059209034
0,0,0.09743192
0,0,0.028811313
0,0,0.18701637
0,0,0.28527087
0,0,0.4622427
0,0,0.15994324
0,0,0.13938846
0,0,0.068856806
0,0,0.26445195
0,0,0.19463697
1,0,0.24738528
0,0,0.35214505
0,0,0.33507964
1,0,0.29598108
1,0,0.24934107
0,0,0.1653144
0,0,0.098010905
0,0,0.4058748
0,0,0.11015131
0,0,0.06022121
0,0,0.29417655
0,0,0.07148364
0,0,0.07325923
0,0,0.025341919
1,1,0.64184225
1,0,0.4058748
0,0,0.2578021
0,0,0.2017046
1,0,0.21772358
0,0,0.2301295
0,0,0.25254166
0,0,0.05807462
0,0,0.12332257
0,0,0.13050458
0,0,0.37082258
1,1,0.5430591
0,0,0.1416345
0,0,0.33364835
0,0,0.03596645
0,0,0.018703865
0,0,0.14313312
0,0,0.10564253
0,0,0.048784148
0,0,0.17963982
0,0,0.1341072
1,1,0.553498
0,0,0.31608203
0,0,0.35214505
0,0,0.069289595
1,0,0.28748053
0,0,0.08155599
1,1,0.58953357
0,0,0.32231447
0,0,0.26332748
1,0,0.35925522
0,0,0.14652745
0,0,0.1465931
0,0,0.03837793
0,0,0.060116693
1,1,0.54257995
0,0,0.22167419
0,0,0.3132894
0,0,0.077825755
0,0,0.060292736
0,0,0.006214212
0,0,0.35214505
0,0,0.20899391
0,0,0.07088715
0,0,0.2960178
0,0,0.23737715
0,0,0.11924815
0,0,0.2461552
0,0,0.27869537
0,0,0.46416274
0,0,0.021057857
0,0,0.1906415
0,0,0.4058748
1,0,0.4176486
0,0,0.14802907
0,0,0.05163271
1,0,0.4021928
0,0,0.060529865
1,0,0.23534629
0,0,0.029005805
1,0,0.45925215
0,0,0.06561454
0,0,0.041125473
0,0,0.25141618
1,0,0.47670236
0,0,0.07794175
1,0,0.2584814
0,0,0.24453408
0,0,0.08642937
0,0,0.22912933
0,0,0.08667178
0,0,0.052035682
0,0,0.08382171
0,0,0.034986723
1,0,0.2611409
0,0,0.4058748
0,0,0.036656465
0,0,0.20273145
0,0,0.016844053
0,0,0.15190847
0,0,0.033015214
0,0,0.055338256
0,0,0.05745607
0,0,0.15189898
1,0,0.12966909
0,0,0.34489363
1,0,0.4058748
0,0,0.028711662
0,0,0.15951169
0,0,0.18710795
0,0,0.05529594
1,0,0.15491252
1,1,0.53729546
0,0,0.11333802
0,0,0.1642834
0,0,0.08541604
0,0,0.18454975
0,0,0.027178274
0,0,0.12321715
1,1,0.5287173
0,0,0.028946431
0,0,0.09091901
0,0,0.27411038
0,1,0.50653124
0,0,0.21189347
0,0,0.08954688
0,0,0.3015726
1,0,0.1948217
1,1,0.5614391
0,0,0.06647865
0,0,0.20275769
0,0,0.06768403
0,0,0.15403691
0,0,0.21352996
0,0,0.29913595
0,0,0.017212057
0,0,0.35214505
0,0,0.18299408
0,0,0.2420588
0,0,0.19063297
0,0,0.02557855
1,0,0.25757706
0,0,0.18810695
1,0,0.2663355
0,0,0.35214505
0,0,0.049546935
0,0,0.11576544
0,0,0.16939332
0,0,0.18811174
0,0,0.24584341
0,0,0.0719301
0,0,0.042697538
0,0,0.20247884
1,0,0.3970201
0,0,0.3055706
1,1,0.5663506
0,0,0.030333739
1,1,0.51830244
1,0,0.15649468
1,0,0.26302993
